{"cameraMode":{"drawMode":0,"name":"Shaded","section":"Shading Mode"},"sceneLighting":false,"audioPlay":false,"sceneViewState":{"showFog":false,"showMaterialUpdate":false,"showSkybox":true,"showFlares":false,"showImageEffects":false,"showParticleSystems":true},"in2DMode":false,"pivot":{"x":-0.0019574612379074098,"y":-0.024369195103645326,"z":0.006839185953140259},"rotation":{"x":-0.09622504562139511,"y":0.8935122489929199,"z":-0.23035089671611787,"w":-0.373249351978302},"size":0.3800256848335266,"orthographic":false}