{"cameraMode":{"drawMode":0,"name":"Shaded","section":"Shading Mode"},"sceneLighting":true,"audioPlay":false,"sceneViewState":{"showFog":false,"showMaterialUpdate":false,"showSkybox":true,"showFlares":false,"showImageEffects":false,"showParticleSystems":true},"in2DMode":false,"pivot":{"x":0.3493967056274414,"y":2.471738576889038,"z":3.1760454177856447},"rotation":{"x":-0.06527647376060486,"y":-0.005091133061796427,"z":0.000333004049025476,"w":-0.9978542327880859},"size":6.228253364562988,"orthographic":true}