{"cameraMode":{"drawMode":0,"name":"Shaded","section":"Shading Mode"},"sceneLighting":true,"audioPlay":false,"sceneViewState":{"showFog":false,"showMaterialUpdate":false,"showSkybox":true,"showFlares":false,"showImageEffects":false,"showParticleSystems":true},"in2DMode":false,"pivot":{"x":0.666968822479248,"y":1.3605444431304932,"z":-1.3040556907653809},"rotation":{"x":-0.04885144159197807,"y":0.9379113912582398,"z":-0.14781054854393006,"w":-0.3099803626537323},"size":10.0,"orthographic":false}